{
  "timestamp": "2025-08-03T15:10:38.107963",
  "script_name": "create_mixed_dataset.py",
  "command_line_args": {
    "normal": 150,
    "augmented": 150,
    "output": "syn500-aug_dataset01",
    "split_ratio": 0.8,
    "seed": 42,
    "hflip_prob": 0.5,
    "rot_prob": 1.0,
    "cut_edge_prob": 0.4,
    "thin_line_prob": 0.5,
    "panel_corner_prob": 0.3,
    "panel_edge_prob": 0.25,
    "balloons_dir": "generated_balloons",
    "masks_dir": "masks",
    "backgrounds_dir": "generated_double_backs"
  },
  "dataset_output_path": "syn500-aug_dataset01",
  "config": {
    "TARGET_NORMAL_IMAGES": 150,
    "TARGET_AUGMENTED_IMAGES": 150,
    "TARGET_TOTAL_IMAGES": 300,
    "MAX_ATTEMPTS": 200,
    "BALLOON_SPLIT_RATIO": 0.8,
    "SEED": 42,
    "COUNT_STATS_FILE": "balloon_count_statistics.txt",
    "COUNT_PROBS": [
      0.0,
      0.014017748646438122,
      0.020169423893094063,
      0.022186364978551865,
      0.029346510767936707,
      0.031968533992767334,
      0.03731343150138855,
      0.04679306223988533,
      0.04911254718899727,
      0.05385236069560051,
      0.055667608976364136,
      0.06181928142905235,
      0.06726502627134323,
      0.0573820099234581,
      0.056776925921440125,
      0.057180315256118774,
      0.0557684563100338,
      0.04608713090419769,
      0.042254939675331116,
      0.036304961889982224,
      0.02985074557363987,
      0.02521177940070629,
      0.02117789350450039,
      0.019564339891076088,
      0.015429608523845673,
      0.011194029822945595,
      0.008874545805156231,
      0.007160145323723555,
      0.004840661771595478,
      0.0044372729025781155,
      0.0027228721883147955,
      0.0032271076925098896,
      0.0017144009470939636,
      0.0012101654428988695,
      0.0011093182256445289,
      0.0003025413607247174,
      0.0002016942307818681,
      0.0002016942307818681,
      0.00010084711539093405,
      0.00010084711539093405,
      0.0,
      0.0,
      0.0,
      0.0,
      0.00010084711539093405
    ],
    "NUM_BALLOONS_RANGE": [
      9,
      17
    ],
    "SCALE_MODE": "lognormal",
    "SCALE_MEAN": 0.105,
    "SCALE_STD": 0.025,
    "SCALE_CLIP": [
      0.065,
      0.13
    ],
    "SCALE_RANGE": [
      0.07,
      0.12
    ],
    "MAX_WIDTH_RATIO": 0.2,
    "MAX_HEIGHT_RATIO": 0.3,
    "HFLIP_PROB": 0.5,
    "ROT_PROB": 1.0,
    "ROT_RANGE": [
      -20,
      20
    ],
    "CUT_EDGE_PROB": 0.4,
    "CUT_EDGE_RATIO": [
      0.05,
      0.2
    ],
    "THIN_LINE_PROB": 0.5,
    "THIN_PIXELS": [
      1,
      3
    ],
    "PANEL_CORNER_PROB": 0.3,
    "PANEL_CORNER_RATIO": [
      0.05,
      0.15
    ],
    "PANEL_EDGE_PROB": 0.25,
    "PANEL_EDGE_RATIO": [
      0.3,
      0.7
    ]
  },
  "input_directories": {
    "balloons_dir": "generated_balloons",
    "masks_dir": "masks",
    "backgrounds_dir": "generated_double_backs"
  },
  "augmentation_info": {
    "description": "通常合成とデータ拡張を組み合わせたデータセット",
    "normal_augmentation": "なし（オリジナルの面積ベースリサイズのみ）",
    "augmentation_probabilities": {
      "horizontal_flip": 0.5,
      "rotation": 1.0,
      "cut_edge": 0.4,
      "thin_line": 0.5,
      "panel_corner_square": 0.3,
      "panel_edge_straight": 0.25
    },
    "file_naming": {
      "normal": "XXXX_normal.png (拡張なし)",
      "augmented": "XXXX_aug.png (拡張適用)"
    }
  },
  "statistics": {
    "total_images": 300,
    "normal_images": 150,
    "augmented_images": 150,
    "train_images": 240,
    "train_normal": 120,
    "train_augmented": 120,
    "val_images": 60,
    "val_normal": 30,
    "val_augmented": 30,
    "train_balloons_used": 84,
    "val_balloons_used": 21,
    "train_backgrounds_used": 41,
    "val_backgrounds_used": 11,
    "total_backgrounds_available": 52,
    "total_balloon_pairs_available": 105
  }
}