{
  "timestamp": "2025-10-07T23:16:27.525333",
  "script_name": "create_corner_aligned_dataset.py",
  "dataset_output_path": "corner_test",
  "corner_ratio": 0.4,
  "target_images": 20,
  "config": {
    "SCALE_RANGE": [
      0.07,
      0.12
    ],
    "NUM_BALLOONS_RANGE": [
      1,
      5
    ],
    "MAX_ATTEMPTS": 100,
    "TRAIN_RATIO": 0.8,
    "BALLOON_SPLIT_SEED": 20,
    "SCALE_MODE": "lognormal",
    "SCALE_MEAN": 0.008769,
    "SCALE_STD": 0.006773,
    "SCALE_CLIP": [
      0.002,
      0.02
    ],
    "COUNT_PROBS": [
      0.0,
      0.014017748646438122,
      0.020169423893094063,
      0.022186364978551865,
      0.029346510767936707,
      0.031968533992767334,
      0.03731343150138855,
      0.04679306223988533,
      0.04911254718899727,
      0.05385236069560051,
      0.055667608976364136,
      0.06181928142905235,
      0.06726502627134323,
      0.0573820099234581,
      0.056776925921440125,
      0.057180315256118774,
      0.0557684563100338,
      0.04608713090419769,
      0.042254939675331116,
      0.036304961889982224,
      0.02985074557363987,
      0.02521177940070629,
      0.02117789350450039,
      0.019564339891076088,
      0.015429608523845673,
      0.011194029822945595,
      0.008874545805156231,
      0.007160145323723555,
      0.004840661771595478,
      0.0044372729025781155,
      0.0027228721883147955,
      0.0032271076925098896,
      0.0017144009470939636,
      0.0012101654428988695,
      0.0011093182256445289,
      0.0003025413607247174,
      0.0002016942307818681,
      0.0002016942307818681,
      0.00010084711539093405,
      0.00010084711539093405,
      0.0,
      0.0,
      0.0,
      0.0,
      0.00010084711539093405
    ],
    "COUNT_STATS_FILE": "balloon_count_statistics.txt",
    "MAX_WIDTH_RATIO": 0.2,
    "MAX_HEIGHT_RATIO": 0.3
  },
  "input_directories": {
    "balloons_dir": "generated_balloons",
    "masks_dir": "masks",
    "backgrounds_dir": "generated_double_backs"
  },
  "statistics": {
    "total_images": 20,
    "train_images": 16,
    "val_images": 4,
    "train_balloons_used": 96,
    "val_balloons_used": 25,
    "total_backgrounds_available": 77,
    "total_balloon_pairs_available": 121,
    "corner_ratio": 0.4
  }
}