{
  "model_tag": "real200_dataset-unet-01",
  "data_root": "onomatopoeia_dataset\\test300_dataset",
  "img_size": [
    384,
    512
  ],
  "batch_size": 8,
  "evaluation_time": "2025-12-05T03:54:54.187375",
  "metrics": {
    "average_metrics": {
      "dice": 0.3748126413605731,
      "iou": 0.2638564415556711,
      "precision": 0.41553532317767433,
      "recall": 0.4156816354431355,
      "f1_score": 0.3748126038162306
    },
    "global_metrics": {
      "dice": 0.46398704914099365,
      "iou": 0.3020723548466903,
      "precision": 0.5003894257219856,
      "recall": 0.43252190526376233,
      "f1_score": 0.463986999405562,
      "accuracy": 0.9917704094780799
    }
  },
  "statistics": {
    "total_images": 300,
    "dice_std": 0.26200628168063084,
    "iou_std": 0.20840721672977694,
    "precision_std": 0.28297170361791263,
    "recall_std": 0.305419524944483,
    "f1_std": 0.2620062688115838
  }
}