{
  "model_tag": "real200_dataset-segformer-gray-01",
  "data_root": ".\\balloon_dataset\\test300_dataset\\images",
  "img_size": [
    384,
    512
  ],
  "batch_size": 4,
  "evaluation_time": "2025-12-07T19:49:06.370146",
  "metrics": {
    "average_metrics": {
      "dice": 0.9003842852844586,
      "iou": 0.8352969580470248,
      "precision": 0.9146301210212345,
      "recall": 0.9022261605256472,
      "f1_score": 0.9003837941888071
    },
    "global_metrics": {
      "dice": 0.9200268930185689,
      "iou": 0.8518979658577626,
      "precision": 0.9259920501488624,
      "recall": 0.9141380979771144,
      "f1_score": 0.9200263930395236,
      "accuracy": 0.9811276923285425
    }
  },
  "statistics": {
    "total_images": 300,
    "dice_std": 0.12392713617056483,
    "iou_std": 0.149955114191838,
    "precision_std": 0.11999018302417365,
    "recall_std": 0.13600843407613547,
    "f1_std": 0.1239270960645358
  }
}