{
  "model_tag": "syn1000-aug-unet-01-real100_dataset-finetuned",
  "data_root": "onomatopoeia_dataset\\test300_dataset",
  "img_size": [
    384,
    512
  ],
  "batch_size": 8,
  "evaluation_time": "2025-12-10T19:47:26.289569",
  "metrics": {
    "average_metrics": {
      "dice": 0.35448288380079135,
      "iou": 0.2434017564101498,
      "precision": 0.3494250229301599,
      "recall": 0.44460005262567837,
      "f1_score": 0.35448284553517706
    },
    "global_metrics": {
      "dice": 0.4529099740511435,
      "iou": 0.2927495921081685,
      "precision": 0.422543622581697,
      "recall": 0.4879788688318384,
      "f1_score": 0.45290992430933896,
      "accuracy": 0.9902915785047727
    }
  },
  "statistics": {
    "total_images": 300,
    "dice_std": 0.24466166472293552,
    "iou_std": 0.1901663702783875,
    "precision_std": 0.25880112658236915,
    "recall_std": 0.2920092058249029,
    "f1_std": 0.24466165302531262
  }
}