{
  "model_tag": "syn200-corner-unet-02",
  "data_root": "balloon_dataset\\test100_dataset",
  "img_size": [
    384,
    512
  ],
  "batch_size": 8,
  "evaluation_time": "2025-11-05T03:48:11.472277",
  "metrics": {
    "average_metrics": {
      "dice": 0.7334827551665744,
      "iou": 0.6096058370223568,
      "precision": 0.7143975308217213,
      "recall": 0.7934115368389407,
      "f1_score": 0.7334827075048583
    },
    "global_metrics": {
      "dice": 0.786098404537782,
      "iou": 0.6475800077010845,
      "precision": 0.7667651594611311,
      "recall": 0.8064318059042226,
      "f1_score": 0.7860983545695557,
      "accuracy": 0.9488861592610629
    }
  },
  "statistics": {
    "total_images": 100,
    "dice_std": 0.1937532718838127,
    "iou_std": 0.20210735974100294,
    "precision_std": 0.21646934731165735,
    "recall_std": 0.18701700706151894,
    "f1_std": 0.19375326723637676
  }
}