{
  "model_tag": "syn1500_dataset-unet-01",
  "data_root": "balloon_dataset\\test300_dataset",
  "img_size": [
    384,
    512
  ],
  "batch_size": 8,
  "evaluation_time": "2025-12-06T20:57:43.879038",
  "metrics": {
    "average_metrics": {
      "dice": 0.8585797130558963,
      "iou": 0.7714405798827804,
      "precision": 0.8266916258406373,
      "recall": 0.9184895178925307,
      "f1_score": 0.858579664386402
    },
    "global_metrics": {
      "dice": 0.8784547823264686,
      "iou": 0.7832540039256592,
      "precision": 0.836744556319184,
      "recall": 0.9245415311762095,
      "f1_score": 0.8784547324507077,
      "accuracy": 0.9696184455023855
    }
  },
  "statistics": {
    "total_images": 300,
    "dice_std": 0.1372832730232973,
    "iou_std": 0.1635912736072334,
    "precision_std": 0.15591492390060951,
    "recall_std": 0.13427664058368757,
    "f1_std": 0.13728326874567792
  }
}