{
  "model_tag": "syn750-corner-unet-02",
  "data_root": "test_dataset",
  "img_size": [
    384,
    512
  ],
  "batch_size": 8,
  "evaluation_time": "2025-10-29T01:28:36.934684",
  "metrics": {
    "average_metrics": {
      "dice": 0.8271642849304923,
      "iou": 0.7246787482570103,
      "precision": 0.7811557057647234,
      "recall": 0.900335217235908,
      "f1_score": 0.8271642359039827
    },
    "global_metrics": {
      "dice": 0.8603223871948211,
      "iou": 0.754882238212297,
      "precision": 0.8154697239302868,
      "recall": 0.9103962206217907,
      "f1_score": 0.8603223373460679,
      "accuracy": 0.9666517639160107
    }
  },
  "statistics": {
    "total_images": 100,
    "dice_std": 0.13589167976012956,
    "iou_std": 0.1694626210358326,
    "precision_std": 0.16959634111024136,
    "recall_std": 0.1174778927826644,
    "f1_std": 0.13589167839297225
  }
}